URL,Text,Phone Number
https://www.weddingwire.in/caterers/s-k-nandha-f-&-b-food-centre--e15835,S. K. Nandha F & B Food Centre,1165424012
https://www.weddingwire.in/caterers/gourmet-food-&-hospitality--e65827,Gourmet Food & Hospitality,7042768705
https://www.weddingwire.in/caterers/krasha-catering-co--e483580,Krasha Catering Co,9650436677
https://www.weddingwire.in/caterers/spontaneous-caterers-by-purnanand-sharma--e365503,Spontaneous Caterers By Purnanand Sharma,9667167456
https://www.weddingwire.in/caterers/art-of-chaat--e79170,Art of Chaat,9810210265
https://www.weddingwire.in/caterers/shreyaa-kitchen--e102850,Shreyaa Kitchen,9810013190
https://www.weddingwire.in/caterers/cuisine-n-art--e70888,Cuisine n Art,9810231213
https://www.weddingwire.in/caterers/mm-caterers--e70156,MM Caterers,9811147935
https://www.weddingwire.in/caterers/tiffin-services-&-matrimonial-proposals--e55408,Tiffin Services & Matrimonial Proposals,9811611581
https://www.weddingwire.in/caterers/malas-kitchen--e55743,Mala's Kitchen,9810946990
https://www.weddingwire.in/caterers/seven-seas-caterers--e114056,Seven Seas Caterers,9910448844
https://www.weddingwire.in/caterers/holybelly--e55654,HolyBelly,9999278127
https://www.weddingwire.in/caterers/f&b-catering--e101578,F&B Catering,9999714803
https://www.weddingwire.in/caterers/harisons-nandi-caterers--e52888,Harisons Nandi Caterers,9.11129E+11
https://www.weddingwire.in/caterers/cream-of-the-crop--e46599,Cream Of The Crop,9.11142E+11
https://www.weddingwire.in/caterers/elmas-hauz-khas-village--e97614,"Elma's, Hauz Khas Village",9.11127E+11
https://www.weddingwire.in/caterers/cosmo-palate-anand-niketan--e100738,"Cosmo Palate, Anand Niketan",9.11124E+11
https://www.weddingwire.in/caterers/spice-root-janakpuri--e99356,Spice Root Janakpuri,9.11125E+11
https://www.weddingwire.in/caterers/united-catering-services--e36302,United Catering Services,9.11125E+11
https://www.weddingwire.in/caterers/white-plates--e77108,White Plates,9.11204E+11
https://www.weddingwire.in/caterers/olive-bistro--e70600,Olive Bistro,9.11247E+11
https://www.weddingwire.in/caterers/pandit-ram-niwas-bhagmal-caterers--e36615,Pandit Ram Niwas Bhagmal Caterers,9.11127E+11
https://www.weddingwire.in/caterers/laxmi-sweets-&-confectioners-meerat-wale--e47203,Laxmi Sweets & Confectioners Meerat Wale,9.11128E+11
https://www.weddingwire.in/caterers/knight-bites-express--e55722,Knight Bites Express,9.18178E+11
https://www.weddingwire.in/caterers/kitchen-kraft-greater-kailash--e36160,"Kitchen Kraft, Greater Kailash",9.18448E+11
https://www.weddingwire.in/caterers/house-of-rakabdar--e402747,House of Rakabdar,9.17838E+11
https://www.weddingwire.in/caterers/p-&-s-catering-plates-&-shisha--e217637,P & S Catering Plates & Shisha,9.181E+11
https://www.weddingwire.in/caterers/the-smokey-bar--e440648,The Smokey Bar,9.17702E+11
https://www.weddingwire.in/caterers/boostan-catering--e464618,Boostan Catering,9.18218E+11
https://www.weddingwire.in/caterers/kanak-by-chef-sanjeev--e360549,Kanak by Chef Sanjeev,9.18219E+11
https://www.weddingwire.in/caterers/mas-cuisine-caterers--e55801,Ma's Cuisine Caterers,9.19415E+11
https://www.weddingwire.in/caterers/gourmet-aura--e85850,Gourmet Aura,9.18589E+11
https://www.weddingwire.in/caterers/get-your-menu-wedding-caterers-in-delhi--e394353,Get Your Menu - Wedding Caterers in Delhi,9.1932E+11
https://www.weddingwire.in/caterers/the-binge-story--e476372,The Binge Story,9.19355E+11
https://www.weddingwire.in/caterers/house-of-wok--e434106,House of Wok,9.19311E+11
https://www.weddingwire.in/caterers/the-mother-kitchen-naib-sarai--e20122,"The Mother Kitchen, Naib Sarai",9.1931E+11
https://www.weddingwire.in/caterers/toast-chattarpur--e102958,"Toast, Chattarpur",9.18803E+11
https://www.weddingwire.in/caterers/the-supper-club-catering--e355245,The Supper Club Catering,9.18528E+11
https://www.weddingwire.in/caterers/sathiya-events-and-weddings-planning--e143783,Sathiya Events and Weddings Planning,9.18947E+11
https://www.weddingwire.in/caterers/wine-&-cheese-affaire--e444748,Wine & Cheese Affaire,9.19315E+11
https://www.weddingwire.in/caterers/jasbaa--e460852,Jasbaa,9.18929E+11
https://www.weddingwire.in/caterers/malik-caterers--e36042,Malik Caterers,9.1935E+11
https://www.weddingwire.in/caterers/five-spice--e36432,Five Spice,9.19015E+11
https://www.weddingwire.in/caterers/sagar-ratna--e193037,Sagar Ratna,9.19818E+11
https://www.weddingwire.in/caterers/modern-catering-by-varun-raj-khullar--e316077,Modern Catering By Varun Raj Khullar,9.1981E+11
https://www.weddingwire.in/caterers/the-embassy-catering--e71909,The Embassy Catering,9.19899E+11
https://www.weddingwire.in/caterers/the-purple-plate--e216319,The Purple Plate,9.199E+11
https://www.weddingwire.in/caterers/ranch-catering--e304991,Ranch Catering,9.19887E+11
https://www.weddingwire.in/caterers/the-private-chef--e54204,The Private Chef,9.19811E+11
https://www.weddingwire.in/caterers/basil-leaf-food-services--e66034,Basil Leaf Food Services,9.19872E+11
https://www.weddingwire.in/caterers/xo-catering-by-design--e36168,XO Catering By Design,9.19899E+11
https://www.weddingwire.in/caterers/paprika-kitchen-by-praveen-gandhi--e64773,Paprika Kitchen by Praveen Gandhi,9.19873E+11
https://www.weddingwire.in/caterers/blue-ginger-catering-concepts--e46628,Blue Ginger Catering Concepts,9.1999E+11
https://www.weddingwire.in/caterers/saltt-catering-ghitorni--e36144,"Saltt Catering, Ghitorni",9.1981E+11
https://www.weddingwire.in/caterers/f&b-india--e71161,F&B India,9.1981E+11
https://www.weddingwire.in/caterers/cinnamon--e63315,Cinnamon,9.19872E+11
https://www.weddingwire.in/caterers/jannat-tent-&-caterers--e69147,Jannat Tent & Caterers,9.19899E+11
https://www.weddingwire.in/caterers/the-ranch--e73228,The Ranch,9.1981E+11
https://www.weddingwire.in/caterers/the-supper-club--e55730,The Supper Club,9.1981E+11
https://www.weddingwire.in/caterers/cuisines-&-concepts--e4421,Cuisines & Concepts,9.19874E+11
https://www.weddingwire.in/caterers/sushi-haus--e70890,Sushi Haus,9.1981E+11
https://www.weddingwire.in/caterers/i-s-caterers--e67087,I.S Caterers,9.19583E+11
https://www.weddingwire.in/caterers/saffron-caterers--e47068,Saffron Caterers,9.1999E+11
https://www.weddingwire.in/caterers/diwan-caterers--e432662,Diwan Caterer's,9.19811E+11
https://www.weddingwire.in/caterers/food-minar--e85562,Food Minar,9.2E+11
https://www.weddingwire.in/caterers/salt-&-pepper-hospitality--e76424,Salt & Pepper Hospitality,9.19872E+11
https://www.weddingwire.in/caterers/meals-&-memories-by-jc-hospitality--e380100,Meals & Memories by JC Hospitality,9.19811E+11
https://www.weddingwire.in/caterers/zayca-caterers-pvt-ltd--e55748,Zayca Caterers Pvt. Ltd,9.1981E+11
https://www.weddingwire.in/caterers/7-spices--e71636,7 Spices,9.19872E+11
https://www.weddingwire.in/caterers/the-palms-catering-gurgaon--e270169,"The Palms Catering, Gurgaon",9.19718E+11
https://www.weddingwire.in/caterers/hing-tadka--e483428,Hing Tadka,9.19818E+11
https://www.weddingwire.in/caterers/khana-mantra-luxury-caterings--e458930,Khana Mantra Luxury Caterings,9.2E+11
https://www.weddingwire.in/caterers/kastoori-catering--e459218,Kastoori Catering,9.1981E+11
https://www.weddingwire.in/caterers/culinary-affaire-gurgaon--e355453,"Culinary Affaire, Gurgaon",9.19625E+11
https://www.weddingwire.in/caterers/one-fine-meal-delhi--e69593,"One Fine Meal, Delhi",9.19811E+11
https://www.weddingwire.in/caterers/imperial-hospitality-&-catering-services--e441410,Imperial Hospitality & Catering Services,9.19654E+11
https://www.weddingwire.in/caterers/food-and-soul--e47071,Food and Soul,9.19912E+11
https://www.weddingwire.in/caterers/top-food-and-beverage-catering-services--e413862,Top Food and Beverage Catering Services,9.1999E+11
https://www.weddingwire.in/caterers/tandoori-nights--e73232,Tandoori Night's,9.2E+11
https://www.weddingwire.in/caterers/kamal-caterers--e67086,Kamal Caterers,9.19811E+11
https://www.weddingwire.in/caterers/krisa-catering-company--e270917,Krisa Catering Company,9.19972E+11
https://www.weddingwire.in/caterers/kwality-caterers--e477471,Kwality Caterers,9.19868E+11
https://www.weddingwire.in/caterers/rs-caterers-lawrence-road--e15726,"RS Caterers, Lawrence Road",9.1981E+11
https://www.weddingwire.in/caterers/food-fiesta--e238509,Food Fiesta,9.1981E+11
https://www.weddingwire.in/caterers/the-kitchens--e52820,The Kitchen's,9.19639E+11
https://www.weddingwire.in/caterers/the-grand-caterers--e55161,The Grand Caterers,9.1991E+11
https://www.weddingwire.in/caterers/shyam-sweets--e308703,Shyam Sweets,9.19953E+11
https://www.weddingwire.in/caterers/thaicrate--e102786,ThaiCrate,11 24645152
https://www.weddingwire.in/caterers/paul-caterers-&-decorators--e69247,Paul Caterers & Decorators,+91 9873080007
https://www.weddingwire.in/caterers/silver-feast-caterers-by-harmeet--e62488,Silver Feast Caterers By Harmeet,+91 981842487
https://www.weddingwire.in/caterers/the-embassy-connaught-place--e5498,"The Embassy, Connaught Place",+91 9312390002
https://www.weddingwire.in/caterers/food-feast--e62493,Food Feast,+91 9891074443
https://www.weddingwire.in/caterers/maharaja-grills--e73704,Maharaja Grills,+91 9560992226
https://www.weddingwire.in/caterers/clubex-catering--e79348,Clubex Catering,+91 9810188816
https://www.weddingwire.in/caterers/bar-player--e264503,Bar Player,+91 8851866504
https://www.weddingwire.in/caterers/chhote-lal-caterers--e36030,Chhote Lal Caterers,+91 9810032169
